{"cameraMode":{"drawMode":0,"name":"Shaded","section":"Shading Mode"},"sceneLighting":true,"audioPlay":false,"sceneViewState":{"m_AlwaysRefresh":false,"showFog":true,"showSkybox":true,"showFlares":true,"showImageEffects":true,"showParticleSystems":true,"showVisualEffectGraphs":true,"m_FxEnabled":true},"in2DMode":false,"pivot":{"x":3.7865402698516847,"y":-0.0001752906246110797,"z":7.458101272583008},"rotation":{"x":0.3629080057144165,"y":0.007827213034033776,"z":-0.003048580838367343,"w":0.9317929744720459},"size":11.943620681762696,"orthographic":false}